run_id,target,class,n_gt,ap50,ap50_95
e1_0_y26,ctg_pooled_eval,auto_rickshaw,1796,0.584,0.3429
e1_0_y26,ctg_pooled_eval,bicycle,19,0.0,0.0
e1_0_y26,ctg_pooled_eval,bus,411,0.3105,0.1932
e1_0_y26,ctg_pooled_eval,car,1122,0.5375,0.3223
e1_0_y26,ctg_pooled_eval,cart_vehicle,19,0.0013,0.0004
e1_0_y26,ctg_pooled_eval,construction_vehicle,11,0.0,0.0
e1_0_y26,ctg_pooled_eval,motorbike,401,0.4402,0.1526
e1_0_y26,ctg_pooled_eval,person,2509,0.2867,0.1092
e1_0_y26,ctg_pooled_eval,priority_vehicle,8,0.0,0.0
e1_0_y26,ctg_pooled_eval,three_wheeler,988,0.3369,0.1809
e1_0_y26,ctg_pooled_eval,truck,668,0.3177,0.2008
e1_0_y26,dhaka_fold0_eval,auto_rickshaw,339,0.7198,0.5265
e1_0_y26,dhaka_fold0_eval,bicycle,49,0.241,0.105
e1_0_y26,dhaka_fold0_eval,bus,405,0.6408,0.3851
e1_0_y26,dhaka_fold0_eval,car,735,0.8528,0.609
e1_0_y26,dhaka_fold0_eval,cart_vehicle,19,0.0149,0.0104
e1_0_y26,dhaka_fold0_eval,construction_vehicle,0,nan,nan
e1_0_y26,dhaka_fold0_eval,motorbike,368,0.5458,0.2553
e1_0_y26,dhaka_fold0_eval,person,1690,0.6157,0.3345
e1_0_y26,dhaka_fold0_eval,priority_vehicle,9,0.0,0.0
e1_0_y26,dhaka_fold0_eval,three_wheeler,616,0.6334,0.3756
e1_0_y26,dhaka_fold0_eval,truck,267,0.4308,0.254
e1_0_y26,ctg_robustness_holdout_bohoddarhat1_eval,auto_rickshaw,444,0.5739,0.3749
e1_0_y26,ctg_robustness_holdout_bohoddarhat1_eval,bicycle,1,0.0,0.0
e1_0_y26,ctg_robustness_holdout_bohoddarhat1_eval,bus,139,0.2477,0.1594
e1_0_y26,ctg_robustness_holdout_bohoddarhat1_eval,car,215,0.6459,0.4423
e1_0_y26,ctg_robustness_holdout_bohoddarhat1_eval,cart_vehicle,9,0.0091,0.0027
e1_0_y26,ctg_robustness_holdout_bohoddarhat1_eval,construction_vehicle,6,0.0,0.0
e1_0_y26,ctg_robustness_holdout_bohoddarhat1_eval,motorbike,95,0.4488,0.2006
e1_0_y26,ctg_robustness_holdout_bohoddarhat1_eval,person,645,0.3542,0.1388
e1_0_y26,ctg_robustness_holdout_bohoddarhat1_eval,priority_vehicle,2,0.0,0.0
e1_0_y26,ctg_robustness_holdout_bohoddarhat1_eval,three_wheeler,367,0.3402,0.1944
e1_0_y26,ctg_robustness_holdout_bohoddarhat1_eval,truck,211,0.2598,0.1742
e1_0_y26,ctg_robustness_holdout_bohoddarhat2_eval,auto_rickshaw,386,0.631,0.3649
e1_0_y26,ctg_robustness_holdout_bohoddarhat2_eval,bicycle,5,0.0,0.0
e1_0_y26,ctg_robustness_holdout_bohoddarhat2_eval,bus,14,0.1938,0.1521
e1_0_y26,ctg_robustness_holdout_bohoddarhat2_eval,car,310,0.6616,0.3993
e1_0_y26,ctg_robustness_holdout_bohoddarhat2_eval,cart_vehicle,4,0.0,0.0
e1_0_y26,ctg_robustness_holdout_bohoddarhat2_eval,construction_vehicle,1,0.0,0.0
e1_0_y26,ctg_robustness_holdout_bohoddarhat2_eval,motorbike,129,0.4335,0.1249
e1_0_y26,ctg_robustness_holdout_bohoddarhat2_eval,person,857,0.3241,0.1256
e1_0_y26,ctg_robustness_holdout_bohoddarhat2_eval,priority_vehicle,6,0.0,0.0
e1_0_y26,ctg_robustness_holdout_bohoddarhat2_eval,three_wheeler,437,0.4581,0.2476
e1_0_y26,ctg_robustness_holdout_bohoddarhat2_eval,truck,29,0.2787,0.1885
e1_1_y26,ctg_pooled_eval,auto_rickshaw,1796,0.5737,0.3597
e1_1_y26,ctg_pooled_eval,bicycle,19,0.0,0.0
e1_1_y26,ctg_pooled_eval,bus,411,0.4018,0.2461
e1_1_y26,ctg_pooled_eval,car,1122,0.5531,0.3365
e1_1_y26,ctg_pooled_eval,cart_vehicle,19,0.0,0.0
e1_1_y26,ctg_pooled_eval,construction_vehicle,11,0.0,0.0
e1_1_y26,ctg_pooled_eval,motorbike,401,0.4981,0.2109
e1_1_y26,ctg_pooled_eval,person,2509,0.3268,0.1256
e1_1_y26,ctg_pooled_eval,priority_vehicle,8,0.0,0.0
e1_1_y26,ctg_pooled_eval,three_wheeler,988,0.4289,0.2417
e1_1_y26,ctg_pooled_eval,truck,668,0.2767,0.1728
e1_1_y26,dhaka_fold1_eval,auto_rickshaw,285,0.738,0.5468
e1_1_y26,dhaka_fold1_eval,bicycle,56,0.2998,0.1274
e1_1_y26,dhaka_fold1_eval,bus,235,0.6453,0.4369
e1_1_y26,dhaka_fold1_eval,car,822,0.8184,0.5781
e1_1_y26,dhaka_fold1_eval,cart_vehicle,6,0.0112,0.0101
e1_1_y26,dhaka_fold1_eval,construction_vehicle,3,0.0,0.0
e1_1_y26,dhaka_fold1_eval,motorbike,320,0.762,0.4247
e1_1_y26,dhaka_fold1_eval,person,991,0.7266,0.4086
e1_1_y26,dhaka_fold1_eval,priority_vehicle,22,0.0,0.0
e1_1_y26,dhaka_fold1_eval,three_wheeler,385,0.7789,0.4918
e1_1_y26,dhaka_fold1_eval,truck,403,0.6357,0.431
e1_1_y26,ctg_robustness_holdout_bohoddarhat1_eval,auto_rickshaw,444,0.6407,0.4313
e1_1_y26,ctg_robustness_holdout_bohoddarhat1_eval,bicycle,1,0.0,0.0
e1_1_y26,ctg_robustness_holdout_bohoddarhat1_eval,bus,139,0.2882,0.1898
e1_1_y26,ctg_robustness_holdout_bohoddarhat1_eval,car,215,0.6203,0.4206
e1_1_y26,ctg_robustness_holdout_bohoddarhat1_eval,cart_vehicle,9,0.0,0.0
e1_1_y26,ctg_robustness_holdout_bohoddarhat1_eval,construction_vehicle,6,0.0,0.0
e1_1_y26,ctg_robustness_holdout_bohoddarhat1_eval,motorbike,95,0.4481,0.2233
e1_1_y26,ctg_robustness_holdout_bohoddarhat1_eval,person,645,0.4126,0.1651
e1_1_y26,ctg_robustness_holdout_bohoddarhat1_eval,priority_vehicle,2,0.0,0.0
e1_1_y26,ctg_robustness_holdout_bohoddarhat1_eval,three_wheeler,367,0.4468,0.2623
e1_1_y26,ctg_robustness_holdout_bohoddarhat1_eval,truck,211,0.2681,0.1715
e1_1_y26,ctg_robustness_holdout_bohoddarhat2_eval,auto_rickshaw,386,0.6861,0.4135
e1_1_y26,ctg_robustness_holdout_bohoddarhat2_eval,bicycle,5,0.0,0.0
e1_1_y26,ctg_robustness_holdout_bohoddarhat2_eval,bus,14,0.4387,0.367
e1_1_y26,ctg_robustness_holdout_bohoddarhat2_eval,car,310,0.671,0.3963
e1_1_y26,ctg_robustness_holdout_bohoddarhat2_eval,cart_vehicle,4,0.0,0.0
e1_1_y26,ctg_robustness_holdout_bohoddarhat2_eval,construction_vehicle,1,0.0,0.0
e1_1_y26,ctg_robustness_holdout_bohoddarhat2_eval,motorbike,129,0.4137,0.1421
e1_1_y26,ctg_robustness_holdout_bohoddarhat2_eval,person,857,0.3593,0.1416
e1_1_y26,ctg_robustness_holdout_bohoddarhat2_eval,priority_vehicle,6,0.0,0.0
e1_1_y26,ctg_robustness_holdout_bohoddarhat2_eval,three_wheeler,437,0.5369,0.2936
e1_1_y26,ctg_robustness_holdout_bohoddarhat2_eval,truck,29,0.2479,0.1562
e1_2_y26,ctg_pooled_eval,auto_rickshaw,1796,0.6019,0.3695
e1_2_y26,ctg_pooled_eval,bicycle,19,0.0006,0.0002
e1_2_y26,ctg_pooled_eval,bus,411,0.3511,0.2101
e1_2_y26,ctg_pooled_eval,car,1122,0.5713,0.3522
e1_2_y26,ctg_pooled_eval,cart_vehicle,19,0.0,0.0
e1_2_y26,ctg_pooled_eval,construction_vehicle,11,0.0,0.0
e1_2_y26,ctg_pooled_eval,motorbike,401,0.4829,0.1872
e1_2_y26,ctg_pooled_eval,person,2509,0.3342,0.1273
e1_2_y26,ctg_pooled_eval,priority_vehicle,8,0.0,0.0
e1_2_y26,ctg_pooled_eval,three_wheeler,988,0.3718,0.1989
e1_2_y26,ctg_pooled_eval,truck,668,0.3562,0.2205
e1_2_y26,dhaka_fold2_eval,auto_rickshaw,174,0.8942,0.6952
e1_2_y26,dhaka_fold2_eval,bicycle,18,0.1213,0.0694
e1_2_y26,dhaka_fold2_eval,bus,431,0.5533,0.3523
e1_2_y26,dhaka_fold2_eval,car,519,0.7837,0.5482
e1_2_y26,dhaka_fold2_eval,cart_vehicle,1,0.0,0.0
e1_2_y26,dhaka_fold2_eval,construction_vehicle,2,0.0,0.0
e1_2_y26,dhaka_fold2_eval,motorbike,185,0.6904,0.3718
e1_2_y26,dhaka_fold2_eval,person,662,0.7547,0.4383
e1_2_y26,dhaka_fold2_eval,priority_vehicle,8,0.0,0.0
e1_2_y26,dhaka_fold2_eval,three_wheeler,430,0.8143,0.5141
e1_2_y26,dhaka_fold2_eval,truck,381,0.6738,0.4568
e1_2_y26,ctg_robustness_holdout_bohoddarhat1_eval,auto_rickshaw,444,0.6134,0.4159
e1_2_y26,ctg_robustness_holdout_bohoddarhat1_eval,bicycle,1,0.0,0.0
e1_2_y26,ctg_robustness_holdout_bohoddarhat1_eval,bus,139,0.3111,0.1999
e1_2_y26,ctg_robustness_holdout_bohoddarhat1_eval,car,215,0.6834,0.4634
e1_2_y26,ctg_robustness_holdout_bohoddarhat1_eval,cart_vehicle,9,0.0,0.0
e1_2_y26,ctg_robustness_holdout_bohoddarhat1_eval,construction_vehicle,6,0.0,0.0
e1_2_y26,ctg_robustness_holdout_bohoddarhat1_eval,motorbike,95,0.4737,0.223
e1_2_y26,ctg_robustness_holdout_bohoddarhat1_eval,person,645,0.4102,0.1656
e1_2_y26,ctg_robustness_holdout_bohoddarhat1_eval,priority_vehicle,2,0.0,0.0
e1_2_y26,ctg_robustness_holdout_bohoddarhat1_eval,three_wheeler,367,0.3826,0.2323
e1_2_y26,ctg_robustness_holdout_bohoddarhat1_eval,truck,211,0.3127,0.2024
e1_2_y26,ctg_robustness_holdout_bohoddarhat2_eval,auto_rickshaw,386,0.6698,0.398
e1_2_y26,ctg_robustness_holdout_bohoddarhat2_eval,bicycle,5,0.0,0.0
e1_2_y26,ctg_robustness_holdout_bohoddarhat2_eval,bus,14,0.5027,0.4177
e1_2_y26,ctg_robustness_holdout_bohoddarhat2_eval,car,310,0.6481,0.3945
e1_2_y26,ctg_robustness_holdout_bohoddarhat2_eval,cart_vehicle,4,0.0,0.0
e1_2_y26,ctg_robustness_holdout_bohoddarhat2_eval,construction_vehicle,1,0.0,0.0
e1_2_y26,ctg_robustness_holdout_bohoddarhat2_eval,motorbike,129,0.4063,0.1269
e1_2_y26,ctg_robustness_holdout_bohoddarhat2_eval,person,857,0.3597,0.1384
e1_2_y26,ctg_robustness_holdout_bohoddarhat2_eval,priority_vehicle,6,0.0,0.0
e1_2_y26,ctg_robustness_holdout_bohoddarhat2_eval,three_wheeler,437,0.5109,0.2637
e1_2_y26,ctg_robustness_holdout_bohoddarhat2_eval,truck,29,0.2918,0.2022
e2_0_y26,ctg_fold0_eval,auto_rickshaw,592,0.7644,0.5108
e2_0_y26,ctg_fold0_eval,bicycle,10,0.0,0.0
e2_0_y26,ctg_fold0_eval,bus,144,0.4598,0.2838
e2_0_y26,ctg_fold0_eval,car,261,0.4994,0.3074
e2_0_y26,ctg_fold0_eval,cart_vehicle,9,0.0,0.0
e2_0_y26,ctg_fold0_eval,construction_vehicle,8,0.0107,0.0011
e2_0_y26,ctg_fold0_eval,motorbike,117,0.4711,0.1778
e2_0_y26,ctg_fold0_eval,person,898,0.4266,0.1608
e2_0_y26,ctg_fold0_eval,priority_vehicle,0,nan,nan
e2_0_y26,ctg_fold0_eval,three_wheeler,366,0.6661,0.4058
e2_0_y26,ctg_fold0_eval,truck,307,0.3476,0.1892
e2_0_y26,dhaka_fold0_eval,auto_rickshaw,339,0.6787,0.4954
e2_0_y26,dhaka_fold0_eval,bicycle,49,0.0348,0.0171
e2_0_y26,dhaka_fold0_eval,bus,405,0.3942,0.2431
e2_0_y26,dhaka_fold0_eval,car,735,0.6989,0.4933
e2_0_y26,dhaka_fold0_eval,cart_vehicle,19,0.0056,0.0014
e2_0_y26,dhaka_fold0_eval,construction_vehicle,0,nan,nan
e2_0_y26,dhaka_fold0_eval,motorbike,368,0.4188,0.1701
e2_0_y26,dhaka_fold0_eval,person,1690,0.4697,0.1951
e2_0_y26,dhaka_fold0_eval,priority_vehicle,9,0.0,0.0
e2_0_y26,dhaka_fold0_eval,three_wheeler,616,0.5343,0.295
e2_0_y26,dhaka_fold0_eval,truck,267,0.1612,0.079
e2_1_y26,ctg_fold1_eval,auto_rickshaw,636,0.7651,0.4888
e2_1_y26,ctg_fold1_eval,bicycle,0,nan,nan
e2_1_y26,ctg_fold1_eval,bus,100,0.2777,0.1534
e2_1_y26,ctg_fold1_eval,car,445,0.6556,0.3995
e2_1_y26,ctg_fold1_eval,cart_vehicle,1,0.0,0.0
e2_1_y26,ctg_fold1_eval,construction_vehicle,3,0.0842,0.0168
e2_1_y26,ctg_fold1_eval,motorbike,64,0.3587,0.1322
e2_1_y26,ctg_fold1_eval,person,677,0.4444,0.1686
e2_1_y26,ctg_fold1_eval,priority_vehicle,6,0.0,0.0
e2_1_y26,ctg_fold1_eval,three_wheeler,371,0.674,0.3833
e2_1_y26,ctg_fold1_eval,truck,210,0.6793,0.5104
e2_1_y26,dhaka_fold1_eval,auto_rickshaw,285,0.707,0.5097
e2_1_y26,dhaka_fold1_eval,bicycle,56,0.0324,0.0121
e2_1_y26,dhaka_fold1_eval,bus,235,0.3717,0.2312
e2_1_y26,dhaka_fold1_eval,car,822,0.6506,0.4426
e2_1_y26,dhaka_fold1_eval,cart_vehicle,6,0.0,0.0
e2_1_y26,dhaka_fold1_eval,construction_vehicle,3,0.3366,0.0673
e2_1_y26,dhaka_fold1_eval,motorbike,320,0.6121,0.2292
e2_1_y26,dhaka_fold1_eval,person,991,0.5769,0.2471
e2_1_y26,dhaka_fold1_eval,priority_vehicle,22,0.0,0.0
e2_1_y26,dhaka_fold1_eval,three_wheeler,385,0.6164,0.3548
e2_1_y26,dhaka_fold1_eval,truck,403,0.2933,0.1939
e2_2_y26,ctg_fold2_eval,auto_rickshaw,568,0.7939,0.5117
e2_2_y26,ctg_fold2_eval,bicycle,9,0.0,0.0
e2_2_y26,ctg_fold2_eval,bus,167,0.3359,0.2308
e2_2_y26,ctg_fold2_eval,car,416,0.6491,0.3858
e2_2_y26,ctg_fold2_eval,cart_vehicle,9,0.0,0.0
e2_2_y26,ctg_fold2_eval,construction_vehicle,0,nan,nan
e2_2_y26,ctg_fold2_eval,motorbike,220,0.456,0.1815
e2_2_y26,ctg_fold2_eval,person,934,0.3988,0.1428
e2_2_y26,ctg_fold2_eval,priority_vehicle,2,0.0,0.0
e2_2_y26,ctg_fold2_eval,three_wheeler,251,0.4632,0.2431
e2_2_y26,ctg_fold2_eval,truck,151,0.3813,0.266
e2_2_y26,dhaka_fold2_eval,auto_rickshaw,174,0.6637,0.4936
e2_2_y26,dhaka_fold2_eval,bicycle,18,0.0,0.0
e2_2_y26,dhaka_fold2_eval,bus,431,0.3513,0.211
e2_2_y26,dhaka_fold2_eval,car,519,0.6693,0.4582
e2_2_y26,dhaka_fold2_eval,cart_vehicle,1,0.0,0.0
e2_2_y26,dhaka_fold2_eval,construction_vehicle,2,0.0,0.0
e2_2_y26,dhaka_fold2_eval,motorbike,185,0.553,0.2351
e2_2_y26,dhaka_fold2_eval,person,662,0.6205,0.2831
e2_2_y26,dhaka_fold2_eval,priority_vehicle,8,0.0,0.0
e2_2_y26,dhaka_fold2_eval,three_wheeler,430,0.7648,0.4955
e2_2_y26,dhaka_fold2_eval,truck,381,0.3325,0.2115
rob_a_y26,ctg_robustness_holdout_bohoddarhat1_eval,auto_rickshaw,444,0.6314,0.4189
rob_a_y26,ctg_robustness_holdout_bohoddarhat1_eval,bicycle,1,0.0,0.0
rob_a_y26,ctg_robustness_holdout_bohoddarhat1_eval,bus,139,0.154,0.0958
rob_a_y26,ctg_robustness_holdout_bohoddarhat1_eval,car,215,0.6496,0.4274
rob_a_y26,ctg_robustness_holdout_bohoddarhat1_eval,cart_vehicle,9,0.0,0.0
rob_a_y26,ctg_robustness_holdout_bohoddarhat1_eval,construction_vehicle,6,0.0281,0.0084
rob_a_y26,ctg_robustness_holdout_bohoddarhat1_eval,motorbike,95,0.4811,0.1748
rob_a_y26,ctg_robustness_holdout_bohoddarhat1_eval,person,645,0.452,0.1844
rob_a_y26,ctg_robustness_holdout_bohoddarhat1_eval,priority_vehicle,2,0.0,0.0
rob_a_y26,ctg_robustness_holdout_bohoddarhat1_eval,three_wheeler,367,0.5949,0.337
rob_a_y26,ctg_robustness_holdout_bohoddarhat1_eval,truck,211,0.1346,0.0942
rob_b_y26,ctg_robustness_holdout_bohoddarhat2_eval,auto_rickshaw,386,0.7376,0.4657
rob_b_y26,ctg_robustness_holdout_bohoddarhat2_eval,bicycle,5,0.0065,0.0032
rob_b_y26,ctg_robustness_holdout_bohoddarhat2_eval,bus,14,0.2021,0.1613
rob_b_y26,ctg_robustness_holdout_bohoddarhat2_eval,car,310,0.6606,0.3964
rob_b_y26,ctg_robustness_holdout_bohoddarhat2_eval,cart_vehicle,4,0.0,0.0
rob_b_y26,ctg_robustness_holdout_bohoddarhat2_eval,construction_vehicle,1,0.0,0.0
rob_b_y26,ctg_robustness_holdout_bohoddarhat2_eval,motorbike,129,0.4641,0.1888
rob_b_y26,ctg_robustness_holdout_bohoddarhat2_eval,person,857,0.4168,0.1573
rob_b_y26,ctg_robustness_holdout_bohoddarhat2_eval,priority_vehicle,6,0.0,0.0
rob_b_y26,ctg_robustness_holdout_bohoddarhat2_eval,three_wheeler,437,0.6588,0.3837
rob_b_y26,ctg_robustness_holdout_bohoddarhat2_eval,truck,29,0.2947,0.1926
